1,Xever Stenyng,xstenyng0@bbb.org,1970-08-02 
2,Una Dallaway,udallaway1@dailymail.co.uk,1972-11-16 
3,Murielle Pipet,mpipet2@cyberchimps.com,1997-07-04 
4,Barney Sirmon,bsirmon3@twitpic.com,1973-03-14 
5,Marthe Sawkin,msawkin4@histats.com,1998-03-11 
6,Bern Leghorn,bleghorn5@tinypic.com,1970-10-13 
7,Ike O Hare,iohare6@utexas.edu,1988-05-19 
8,Valeda Jane,vjane7@bloglines.com,1999-05-26 
9,Clementine Simecek,csimecek8@mashable.com,1977-12-14 
10,Donica Naish,dnaish9@google.pl,1973-05-11 
11,Ronald Breffit,rbreffita@github.io,1977-09-17 
12,Christabel Winborn,cwinbornb@dmoz.org,1997-06-03 
13,Truman Manlow,tmanlowc@thetimes.co.uk,1990-03-29 
14,Grazia Doddemeede,gdoddemeeded@senate.gov,1990-12-31 
15,Norman Beebe,nbeebee@bloglines.com,1971-11-01 
16,Lilla Pease,lpeasef@mayoclinic.com,1995-05-03 
17,Derrik Dulton,ddultong@chronoengine.com,1976-08-26 
18,Ruperta Deluca,rdelucah@nhs.uk,1992-11-12 
19,Berkley Gogay,bgogayi@army.mil,1972-11-22
20,Elbertina Kolinsky,ekolinskyj@studiopress.com,1989-01-04
21,Mercy Finey,mfineyk@slate.com,1997-08-04
22,Brooke Claige,bclaigel@economist.com,1979-06-25
23,Annecorinne Bamlett,abamlettm@wikimedia.org,1969-09-19
24,Nikolia Atte-Stone,nattestonen@printfriendly.com,1981-08-11
25,Engelbert Kull,ekullo@state.gov,1982-08-23
26,Lenka Cornell,lcornellp@oaic.gov.au,1975-03-21
27,Kristian Baudts,kbaudtsq@upenn.edu,1989-03-02
28,Zabrina Ladloe,zladloer@comsenz.com,1995-12-14
29,Robby Bohlin,rbohlins@unesco.org,1989-09-16
30,Justine Hampshire,jhampshiret@mashable.com,1996-10-15
31,Berny Hansod,bhansodu@netvibes.com,1995-03-08
32,Nari Cridland,ncridlandv@aboutads.info,1966-01-10
33,Willey Fraschetti,wfraschettiw@addtoany.com,1990-02-07
34,Nola Krolman,nkrolmanx@etsy.com,1972-03-30
35,Clemente Goare,cgoarey@google.es,1971-10-13
36,Petra Sacher,psacherz@blinklist.com,1985-07-29
37,Zachary Rowson,zrowson10@mediafire.com,1968-01-10
38,Baxie Varvell,bvarvell11@whitehouse.gov,1965-04-10
39,Laurent Whye,lwhye12@state.tx.us,1982-12-27
40,Tallou Peddel,tpeddel13@elegantthemes.com,1979-09-09
41,Randolf Klement,rklement14@ed.gov,1997-01-17
42,Rolland Macy,rmacy15@smugmug.com,1972-09-04 
43,Gustaf Gostick,ggostick16@mediafire.com,1982-02-18 
44,Tadio Farrant,tfarrant17@salon.com,1978-09-19
45,Harley Settle,hsettle18@angelfire.com,1976-06-03
46,Armand Simkovich,asimkovich19@studiopress.com,1993-05-08
47,Lorie Smallacombe,lsmallacombe1a@weebly.com,1993-05-31
48,Tammy Deering,tdeering1b@smh.com.au,1995-02-03
49,Helli Gregon,hgregon1c@weebly.com,1984-07-06
50,Jonie Cawson,jcawson1d@miibeian.gov.cn,1992-07-07
51,Bunnie Gleder,bgleder0@blogs.com,2015-05-03
52,Trisha Huntall,thuntall1@soup.io,2016-10-01
53,Land Fenwick,lfenwick2@cyberchimps.com,2011-01-18
54,Victor Assender,vassender3@123-reg.co.uk,2016-05-29
55,Richmond Shailer,rshailer4@digg.com,2013-06-13
56,Karim Spinke,kspinke5@behance.net,2014-12-11
57,Franky Catterell, fcatterell6@ocn.ne.jp,2012-10-27
58,Marshall McKew,mmckew7@deliciousdays.com,2010-07-16
59,Evelina Kinahan, ekinahan8@gov.uk,2010-10-07
60,Wain Kynder,wkynder9@symantec.com,2009-05-17
